IDNum,Sequence,lowest_score,humanness_score,mutations,present_in_training_data,selection_procedure
0,EVQLLESGGGLVQPGGTLRLSCAASVIIVSSNYMSWVRQAPGKGLEWVSLVYPGGSTYYADSVKGRFTVSRDNSKNTLYLQMNSLRAEDMAVYYCARDLPSGVDAVDAFDIWGQGTMVTVSS,4.119180039497138,-91.29210280607296,G26V_F27I,Yes,simulated_annealing
1,EVQLLESGGGLVQPGGTLRLSCAASGIIVSSNYMSWVRQAPGKGLEWVSLVYPGGSTYYADSVKGRFTVSRDNSKNTLYLQMNSLRAEDMAVYYCARDLPSGIDAVDAFDIWGQGTMVTVSS,4.0340342223614165,-84.87628713462199,F27I_V103I,Yes,simulated_annealing
2,EVQLLESGGGLVQPGGTLRLSCAASGLIVSSNYMSWVRQAPGKGLEWVSLVYPGGSTYYADSVKGRFTVSRDMSKNTLYLQMNSLRAEDMAVYYCARDLPSGVDAVDAFDIWGQGTMVTVSS,4.061214393323249,-89.29779972277545,F27L_N73M,No,simulated_annealing
3,EVQLLESGGGLVQPGGTLRLSCAASEVIVSSNYMSWVRQAPGKGLEWVSLVYPGGSTYYADSVKGRFTVSRDSSKNTLYLQMNSLRAEDMAVYYCARDLPSGIDAVDAFDIWGQGTMVTVSS,3.9917804765312153,-91.35462082937953,G26E_F27V_N73S_V103I,No,simulated_annealing
4,EVQLLESGGGLVQPGGTLRLSCAASEIIVSSNYMSWVRQAPGKGLEWVSLVYPGGSTYYADSVKGRFTVSRDSSKNTLYLQMNSLRAEDMAVYYCARDLPSGIDAVDAFDIWGQGTMVTVSS,4.134394935308574,-90.43406533354167,G26E_F27I_N73S_V103I,No,simulated_annealing
5,EVQLLESGGGLVQPGGTLRLSCAASEVIVSSNYMSWVRQAPGKGLEWVSLVYPGGSTYYADSVKGRFTVSRDDSKNTLYLQMNSLRAEDMAVYYCARDLPSGIDAVDAFDIWGQGTMVTVSS,4.077800944020811,-92.25058463819074,G26E_F27V_N73D_V103I,No,simulated_annealing
6,EVQLLESGGGLVQPGGTLRLSCAASEMIVSSNYMSWVRQAPGKGLEWVSLVYPGGSTYYADSVKGRFTVSRDNSKNTLYLQMNSLRAEDMAVYYCARDLPSGIDAVDAFDIWGQGTMVTVSS,4.172208250473919,-90.7648478747222,G26E_F27M_V103I,No,simulated_annealing
7,EVQLLESGGGLVQPGGTLRLSCAASEIIVSSNYMSWVRQAPGKGLEWVSLVYPGGSTYYADSVKGRFTVSRDNSKNTLYLQMNSLRAEDMAVYYCARDLPSGIDAVDAFDIWGQGTMVTVSS,4.231019110831042,-88.69785968919273,G26E_F27I_V103I,Yes,simulated_annealing
8,EVQLLESGGGLVQPGGTLRLSCAASEVIVSSNYMSWVRQAPGKGLEWVSLVYPGGSTYYADSVKGRFTVSRDNSKNTLYLQMNSLRAEDMAVYYCARDLPSGVDAVDAFDIWGQGTMVTVSS,3.9614158099391816,-89.55273535585275,G26E_F27V,Yes,simulated_annealing
9,EVQLLESGGGLVQPGGTLRLSCAASELIVSSNYMSWVRQAPGKGLEWVSLVYPGGSTYYADSVKGRFTVSRDNSKNTLYLQMNSLRAEDMAVYYCARDLPSGNDAVDAFDIWGQGTMVTVSS,4.076588309213304,-87.17307189013108,G26E_F27L_V103N,No,simulated_annealing
10,EVQLLESGGGLVQPGGTLRLSCAASGLIVSSNYMSWVRQAPGKGLEWVSLVYPGGSTYYADSVKGRFTVSRDDSKNTLYLQMNSLRAEDMAVYYCARDLPSGIDAVDAFDIWGQGTMVTVSS,4.010746681238039,-86.12375326167484,F27L_N73D_V103I,Yes,simulated_annealing
11,EVQLLESGGGLVQPGGTLRLSCAASGLIASSNYMSWVRQAPGKGLEWVSLVYPGGSTYYADSVKGRFTVSRDDSKNTLYLQMNSLRAEDMAVYYCARDLPSGIDAVDAFDIWGQGTMVTVSS,4.122331584235189,-91.10500192189112,F27L_V29A_N73D_V103I,Yes,simulated_annealing
12,EVQLLESGGGLVQPGGTLRLSCAASGLIASSNYMSWVRQAPGKGLEWVSLVYPGGSTYYADSVKGRFTVSRDNSKNTLYLQMNSLRAEDMAVYYCARDLPSGIDAVDAFDIWGQGTMVTVSS,4.204945744366232,-88.47283380271548,F27L_V29A_V103I,Yes,simulated_annealing
13,EVQLLESGGGLVQPGGTLRLSCAASGLIDSSNYMSWVRQAPGKGLEWVSLVYPGGSTYYADSVKGRFTVSRDNSKNTLYLQMNSLRAEDMAVYYCARDLPSGIDAVDAFDIWGQGTMVTVSS,4.099152056595975,-89.84632951365938,F27L_V29D_V103I,No,simulated_annealing
14,EVQLLESGGGLVQPGGTLRLSCAASGLIESSNYMSWVRQAPGKGLEWVSLVYPGGSTYYADSVKGRFTVSRDNSKNTLYLQMNSLRAEDMAVYYCARDLPSGIDAVDAFDIWGQGTMVTVSS,4.008500172267439,-91.79047927464906,F27L_V29E_V103I,Yes,simulated_annealing
15,EVQLLESGGGLVQPGGTLRLSCAASELIVSSNYMSWVRQAPGKGLEWVSLVYPGGSTYYADSVKGRFTVSRDDSKNTLYLQMNSLRAEDMAVYYCARDLPSGIDAVDAFDIWGQGTMVTVSS,4.3146237933493765,-89.9453249004635,G26E_F27L_N73D_V103I,Yes,simulated_annealing
16,EVQLLESGGGLVQPGGTLRLSCAASELIVSSNYMSWVRQAPGKGLEWVSLVYPGGSTYYADSVKGRFTVSRDDSKNTLYLQMNSLRAEDMAVYYCARDLPSGVDAVDAFDIWGQGTMVTVSS,4.057565398974935,-89.87965112409587,G26E_F27L_N73D,Yes,simulated_annealing
17,EVQLLESGGGLVQPGGTLRLSCAASEIIVSSNYMSWVRQAPGKGLEWVSLVYPGGSTYYADSVKGRFTVSRDISKNTLYLQMNSLRAEDMAVYYCARDLPSGVDAVDAFDIWGQGTMVTVSS,4.148591847257853,-91.6663677757831,G26E_F27I_N73I,No,simulated_annealing
18,EVQLLESGGGLVQPGGTLRLSCAASEIIVSSNYMSWVRQAPGKGLEWVSLVYPGGSTYYADSVKGRFTVSRDSSKNTLYLQMNSLRAEDMAVYYCARDLPSGVDAVDAFDIWGQGTMVTVSS,4.197992029057165,-90.36838929059141,G26E_F27I_N73S,Yes,simulated_annealing
19,EVQLLESGGGLVQPGGTLRLSCAASELIVSSNYMSWVRQAPGKGLEWVSLVYPGGSTYYADSVKGRFTVSRDSSKNTLYLQMNSLRAEDMAVYYCARDLPSGSDAVDAFDIWGQGTMVTVSS,4.220532365909288,-87.75022684869892,G26E_F27L_N73S_V103S,No,simulated_annealing
20,EVQLLESGGGLVQPGGTLRLSCAASELIVSSNYMSWVRQAPGKGLEWVSLVYPGGSTYYADSVKGRFTVSRDSSKNTLYLQMNSLRAEDMAVYYCARDLPSGVDAVDAFDIWGQGTMVTVSS,4.217551489898346,-88.98368779382683,G26E_F27L_N73S,Yes,simulated_annealing
21,EVQLLESGGGLVQPGGTLRLSCAASEIIVSSNYMSWVRQAPGKGLEWVSLVYPGGSTYYADSVKGRFTVSRDNSKNTLYLQMNSLRAEDMAVYYCARDLPSGVDAVDAFDIWGQGTMVTVSS,4.322855969888293,-88.63218356967187,G26E_F27I,Yes,simulated_annealing
22,EVQLLESGGGLVQPGGTLRLSCAASELIVSSNYMSWVRQAPGKGLEWVSLVYPGGSTYYADSVKGRFTVSRDNSKNTLYLQMNSLRAEDMAVYYCARDLPSGVDAVDAFDIWGQGTMVTVSS,4.1779050697106435,-87.24748189736269,G26E_F27L,Yes,simulated_annealing
23,EVQLLESGGGLVQPGGTLRLSCAASEIIVSSNYMSWVRQAPGKGLEWVSLVYPGGSTYYADSVKGRFTVSRDTSKNTLYLQMNSLRAEDMAVYYCARDLPSGVDAVDAFDIWGQGTMVTVSS,3.9665536231582372,-91.1091830831582,G26E_F27I_N73T,No,simulated_annealing
24,EVQLLESGGGLVQPGGTLRLSCAASGIIVSSNYMSWVRQAPGKGLEWVSLVYPGGSTYYADSVKGRFTVSRDDSKNTLYLQMNSLRAEDMAVYYCARDLPSGIDAVDAFDIWGQGTMVTVSS,3.9513490874514408,-87.50845725341739,F27I_N73D_V103I,No,simulated_annealing
25,EVQLLESGGGLVQPGGTLRLSCAASELIVSSNYMSWVRQAPGKGLEWVSLVYPGGSTYYADSVKGRFTVSRDNSKNTLYLQMNSLRAEDMAVYYCARDLPSGIDAVDAFDIWGQGTMVTVSS,4.398041938500341,-87.31315731728681,G26E_F27L_V103I,Yes,simulated_annealing
26,EVQLLESGGGLVQPGGTLRLSCAASELIVSSNYMSWVRQAPGKGLEWVSLVYPGGSTYYADSVKGRFTVSRDESKNTLYLQMNSLRAEDMAVYYCARDLPSGIDAVDAFDIWGQGTMVTVSS,3.95785479583598,-91.98093585329852,G26E_F27L_N73E_V103I,No,simulated_annealing
27,EVQLLESGGGLVQPGGTLRLSCAASGLIVSSNYMSWVRQAPGKGLEWVSLVYPGGSTYYADSVKGRFTVSRDISKNTLYLQMNSLRAEDMAVYYCARDLPSGIDAVDAFDIWGQGTMVTVSS,4.0972655988898845,-86.52576850628105,F27L_N73I_V103I,Yes,simulated_annealing
28,EVQLLESGGGLVQPGGTLRLSCAASGIIVSSNYMSWVRQAPGKGLEWVSLVYPGGSTYYADSVKGRFTVSRDISKNTLYLQMNSLRAEDMAVYYCARDLPSGIDAVDAFDIWGQGTMVTVSS,4.380482881098424,-87.91047137041458,F27I_N73I_V103I,No,simulated_annealing
