Sequence,score,variance
ILDVIHFRYFF,[-103.27732],[1.22097]
FLSLIGNFYLL,[-102.05686],[1.22094]
FLSIIGNFYLL,[-102.14498],[1.22089]
FLEIIGNFYLL,[-102.90769],[1.22092]
FLEIIGDFYLL,[-103.2332],[1.22106]
FLEIIGDFYLF,[-103.25966],[1.22045]
FLEIIGNFYLF,[-103.26153],[1.2207]
LLLPFDMGVSFIS,[-101.9743],[1.22048]
LLLPFDMGVSFII,[-103.25378],[1.22067]
LLLPFDMGVPFII,[-104.30668],[1.22068]
LLLPFDMGVRFII,[-104.60307],[1.22075]
SLLPFDMGVRFII,[-104.25915],[1.22077]
ALLPFDMGVRFII,[-104.47465],[1.22091]
ALLPFDMGVRFIL,[-104.37243],[1.22068]
ALLPFDLGVRFIL,[-106.17091],[1.22079]
ALLPFDLGVRFIC,[-106.25479],[1.2208]
ALLPFDLGVRFFC,[-106.95245],[1.22088]
ALLHFDLGVRFFC,[-107.18624],[1.21984]
LLLHFDLGVRFFC,[-107.93172],[1.22073]
ILLHFDLGVRFFC,[-108.26781],[1.22044]
ILLHFDLGFRFFC,[-109.5463],[1.22097]
ILLHFDLNFRFFC,[-109.64145],[1.22081]
ILLHLDLNFRFFC,[-110.29228],[1.22062]
ILLHLDLNLRFFC,[-110.56818],[1.22073]
MWFPWVNNFLHMF,[-102.95266],[1.22039]
MWFPWVNNFLHMW,[-103.21854],[1.22085]
MWFPWINEFLHMW,[-104.39043],[1.22105]
MWFPWMNEFLHMW,[-102.90129],[1.22092]
MWFPWMNEFLHFW,[-102.72309],[1.22024]
IWFPWMNEFLHFW,[-102.32017],[1.22089]
IWFPWMNHFLHFW,[-102.05426],[1.22106]
IWFPIMNHFLHIW,[-103.22865],[1.22101]
IWLPIMNHFLHIW,[-102.62504],[1.22061]
IWLHIMNHFLHIW,[-102.82845],[1.22086]
IWLHIMNNFLHIW,[-103.47705],[1.22077]
IWLHIVNNFLHIW,[-103.46162],[1.22021]
IWLHIVTNFLHIW,[-104.83302],[1.22004]
IWLHIVTNFLHIF,[-104.79109],[1.22048]
IWLHIITNFLHIF,[-105.50541],[1.22059]
IWLHIITNFFHIF,[-104.76356],[1.22055]
IWLHIITNFFHLF,[-104.94496],[1.22072]
IWLHIITNFFRLF,[-105.22416],[1.22014]
IWLHIITQFFRLF,[-105.52837],[1.22012]
FWLHIITQFFRLF,[-105.54926],[1.22035]
FWLHIITQFFRIF,[-105.27807],[1.2204]
DWLHIITQFFRIF,[-105.34755],[1.22055]
TWLHIITQFFRIF,[-105.41311],[1.22004]
TWLHIISQFFRIF,[-105.34283],[1.22025]
QWLHIISQFFRIF,[-105.68663],[1.22051]
QWLHIISQFLRIF,[-105.99045],[1.22062]
WWLHIISQFLRIF,[-106.33639],[1.22073]
WWLHIISSFLRIF,[-106.79746],[1.22083]
WLLHIISSFLRIF,[-107.20113],[1.22066]
WFLHIISSFLRIF,[-107.32687],[1.22067]
WFLHVISSFLRIF,[-107.45907],[1.22099]
WFLHVFSSFLRIF,[-108.21527],[1.21999]
LFLWFHLEMYTRWLK,[-101.89491],[1.22095]
ITAIFHCWWYFHVMK,[-104.27761],[1.21998]
ITAIFHCWWYFGVMM,[-104.37114],[1.22034]
ITAIFHCWWYFGFMM,[-104.49918],[1.21986]
CTAIFHCWWYFQFIM,[-105.52766],[1.22062]
CTAIFHCWWYFQFII,[-105.3821],[1.2205]
CTFIFHCWWYFQFII,[-105.39278],[1.22055]
CTFIFHCWWYFTFII,[-105.32137],[1.22102]
CTFIFHCWWYFSMIN,[-106.99476],[1.22079]
CTFIFHCWWYFSVIN,[-106.79025],[1.22054]
CMFFFHCWWHFSVIN,[-108.3356],[1.2209]
LTIWLQYMSIFLGIV,[-102.08542],[1.21966]
LWIWLQYMSIFLDIA,[-102.83567],[1.22078]
LFIWLQYMSIFLDIA,[-102.71295],[1.22075]
LNIWLQYMSIFLDIA,[-102.53716],[1.22004]
YNEWLQYMSIFLDIA,[-101.93493],[1.22044]
YNEWLQYMSIFLDIR,[-102.14389],[1.22087]
MQHWLQWMQIGLMLR,[-103.27501],[1.22087]
MQMWLQWMQIGLVLR,[-105.51019],[1.2204]
FQLWLQWMQIGLVLR,[-105.85047],[1.22004]
FNLWLQWMQIGLVLR,[-105.78343],[1.22032]
FNLWLQWMQIGLVLH,[-105.67867],[1.221]
LNLWLQWMRIGLLLW,[-105.89921],[1.22032]
LNLWLQWMDIGLLLW,[-106.38708],[1.21959]
LNLWLNWMDIGLLLW,[-106.96116],[1.22086]
LNLWLNWIDIGLLLW,[-107.88228],[1.21997]
INLWLNWIDIGLLLW,[-108.0456],[1.22015]
INLWLNWIDIGLWLW,[-108.25719],[1.2206]
IELWLNWIDIGLWLW,[-109.29298],[1.221]
LELWLNWIDIGLWLW,[-109.20463],[1.22051]
WMNMLSCMIQLFWQDWC,[-102.25925],[1.22101]
VMNMLSCMIQLFWQDWC,[-102.17648],[1.22059]
VMNMLQCMIQLFWQDWC,[-101.94566],[1.22061]
VMNMFQCMIQLFWQDWC,[-102.1604],[1.22071]
VWNMFQCMIQLFWQDWC,[-102.5988],[1.22093]
VWEMFQCMIQLFWQDWC,[-102.62874],[1.22083]
IWEMFQCMIQLFWQDWC,[-102.77748],[1.22095]
IWEMFQCVIQLFWQDWC,[-102.94404],[1.22086]
IWEMFQCYIQLFWQDWC,[-103.67096],[1.22058]
IWEMFQCYIQLFWQPWC,[-104.17596],[1.22067]
IWEMFQCYIQLFWQIWC,[-104.28981],[1.22077]
IWESFQCYIQLFWQIWC,[-105.22619],[1.22098]
IWKSFQCYIQLFWQIWC,[-105.36396],[1.22085]
IWLSFQCYIQLFWQIWC,[-105.45329],[1.22064]
IWLSFKCYIQLFWQIWC,[-105.54234],[1.22079]
AWLSFKCYIQLFWQIWC,[-105.5928],[1.2208]
AWLSFICYIQLFWQIWC,[-105.68046],[1.22088]
AWLSFICYIQLFWQLWC,[-105.86554],[1.22078]
YWLSFICYIQLFWQLWC,[-106.51689],[1.22073]
YWLSFICYIQIFWQLWC,[-106.66581],[1.22073]
IWLSFICYIQIFWQLWC,[-106.79813],[1.22085]
IWLSFLCYIQIFWQLWC,[-106.84843],[1.22101]
FWLSFLCYIQIFWQLWC,[-106.95084],[1.22065]
LICQFMHVEIYLNIMCR,[-103.03471],[1.22057]
LICQFMQVEIYLNIMCR,[-102.59577],[1.22016]
LICQFHQVEIYLNIMCR,[-102.35196],[1.2202]
LICQFHQVEIYLNIMCD,[-101.921],[1.22017]
VICQFHQVEIYLNIMCD,[-101.93279],[1.22025]
FIGGFHQVCIYLNIMCK,[-101.94753],[1.22085]
FIGLFHQVCIYLNIMCK,[-102.70781],[1.22022]
FIGLFHQVCIYLSIMCK,[-102.41722],[1.22048]
FIGLFHQVSIYLSIMCK,[-103.30869],[1.2199]
FIGLFHQVSIYLSIMCA,[-103.38895],[1.21979]
FIGLFHQVSIYLSIMCE,[-103.22092],[1.21999]
FIGLFHVVSIYLSIMCE,[-105.31538],[1.22021]
FIGLFHVVSIYLHIMCE,[-104.91715],[1.22]
FIGLFHVVSIYLRIMCE,[-105.73773],[1.22035]
FIGLFHVVSIVLRIMCE,[-105.18317],[1.22028]
FIGLFSVVSIVLRIMCE,[-104.33372],[1.21918]
FIGLFSVVSIVLRIMCR,[-104.30749],[1.21913]
FIGCFSVVSIVLRIMCR,[-104.30143],[1.21968]
FIGCFHVVSIVLRIMCR,[-104.34815],[1.22072]
FIGCFHYVSIVLRIMCR,[-104.81464],[1.2209]
FIGCFHYVSIVLQIMCR,[-105.10769],[1.22063]
FIGCFHYVSIVLQIMMR,[-105.31134],[1.21987]
FIGCFHYVSIILQIMMR,[-105.92534],[1.22017]
FIGCFHYVSIILQIMDR,[-106.37399],[1.21989]
FIGCFHYVSIIFQIMDR,[-106.76744],[1.22016]
FIGCFHYVSIIFQIMGR,[-106.98475],[1.22038]
FIGCFHYVNIIFQIMGR,[-106.58224],[1.22084]
FIGCFHYVNIIFDIMGR,[-105.88399],[1.22069]
FIGCFHYNNIIFDIMGR,[-106.00704],[1.22023]
FLGCFHYNNIIFDIMGR,[-106.14985],[1.22031]
FLGCFHYNNIIFDIMNR,[-105.63934],[1.22008]
FLGCFFYNNIIFDIMNR,[-105.20306],[1.22027]
FLGCFFWNNIIFDIMNR,[-106.01052],[1.22075]
FLGCFFWNNIIFDITNR,[-105.80274],[1.22103]
YLGCFFWNNIIFDITNR,[-105.37763],[1.22077]
YLGCFFWNNIIFDITAR,[-105.9754],[1.22056]
YLGCFFWNNIIFDITPR,[-105.71615],[1.22105]
YLTCFFWNNIIFDITNR,[-105.43744],[1.22097]
TLLCFFWNNIIFDITSR,[-107.56544],[1.2196]
TLLCFFWNDIIIDITSR,[-108.1598],[1.22041]
TLLCFFWNDILIDIQSR,[-108.58889],[1.22082]
DLLCFFWNDILIDIQSR,[-108.37754],[1.22061]
DLFCFFWNDILIDITIL,[-109.71458],[1.22104]
DLFCFFFNDILLDITIL,[-110.46196],[1.22022]
DLFCFFFNDILLDLTIL,[-110.59036],[1.22102]
YLFCFFFNDILLDFTLL,[-110.70377],[1.22084]
LLFCFFFNDILLDFTLL,[-111.75008],[1.2206]
LLFCFFFNDILLDFQLL,[-111.9644],[1.22086]
LLFCFFFNDILLDFQLI,[-111.95279],[1.22088]
LMFCFFFNDILLDLQLI,[-112.77923],[1.22097]
VKTLLSGLEFTNALWRYLR,[-102.79057],[1.21847]
IKTLLSGLEFTNALWRYLR,[-102.99033],[1.21852]
IKTLLSGFQFTNALWRYLR,[-102.35774],[1.21881]
HMKHIDLIWEFYMAMWFPY,[-105.20273],[1.2197]
HMKHIDLIWEFYMAMFFPY,[-104.6331],[1.21954]
HMKHIDLIWEFRMAMFFPY,[-103.74779],[1.2204]
KMKHIDLIWEFRMAMFFPY,[-103.74141],[1.22053]
KMKHIDLIWEFRMAMFFCY,[-104.07271],[1.22079]
KMKHIDLIWEFRMAMFFAY,[-104.2297],[1.22062]
KMDHIDLIWEFRMAMFFAY,[-104.44584],[1.22068]
KMDHIDLIWEFRMSMFFAY,[-104.39558],[1.22081]
SMDHIDLIWEFRMSMFFAY,[-104.13976],[1.22071]
SMDHIDLFWEFRMSMFFAY,[-105.81453],[1.22043]
SMDHLDLFWEFRMSMFFAY,[-106.60926],[1.22035]
LMDHLDLFWEFRMSMFFAY,[-107.20914],[1.22041]
LMDHLDLFWEFFMSMFFAY,[-107.49031],[1.22026]
LMDHLDLFWEFFMSMFVAY,[-106.92786],[1.2202]
LMDHLDLFWEFFMSMFVMY,[-107.16983],[1.22028]
LFDHLDLFWEFFMSMFVMY,[-107.51376],[1.22052]
LFDHLDLFWEFFMSMFVVY,[-107.63891],[1.22084]
EFDHLDLFWEFFMSMFVVY,[-107.46039],[1.22086]
EFDHLDLFWEFLMSMFVVY,[-106.4232],[1.22082]
EFDHLDLFWEFLISMFVVY,[-106.75636],[1.22085]
EYDHLDLFWEFLISMFVVY,[-106.70866],[1.22069]
EYDHLDLFWEFLISMFVGY,[-106.62063],[1.22049]
EYDHLDLFWEFLIEMFVGY,[-106.98592],[1.22103]
EYDHLDLFWEFLIEMFVSY,[-107.08203],[1.22088]
QYDHLDLFWEFLIEMFVSY,[-107.03015],[1.22085]
FYDHLDLFWEFLIEMFVSY,[-106.92645],[1.22103]
QYDHLDLFWEFLINMFVSY,[-107.25686],[1.22062]
QYDHLDLFWEFLINMFVSS,[-107.35329],[1.22087]
KYDHLDLFWEFLINMFVSS,[-107.45931],[1.22093]
DYDHLDLFWEFLINMFVSS,[-107.46709],[1.22103]
DYDHLDFFWEFLINMFVSS,[-108.05815],[1.22105]
DYDHLDFFWEFLINMFFSS,[-108.62852],[1.22075]
DYDHLDFFWDFLINMFFSS,[-109.20248],[1.22065]
DYDHLDFFWDFLINMFFES,[-109.19891],[1.22037]
EYDHLDFFWDFLINMFFES,[-109.20361],[1.22103]
GYDHLDFFWDFLINMFFES,[-109.37179],[1.22052]
GYDHLDFFWDFLINMFFSS,[-109.41129],[1.22099]
GYDHLDFFWDFLINMFFSF,[-109.38929],[1.22056]
GYDHLDFFWDFFINMFFSF,[-109.53352],[1.22103]
GYDHLDFFWDFFINMFFSW,[-109.6015],[1.22103]
GYDHLDFFWDFFLNMFFSW,[-109.90728],[1.22095]
GFDHLDFFWDFFLNMFFSW,[-110.1953],[1.22106]
NCMCFPVWIHIDLFSVELE,[-101.97143],[1.22092]
HQPKAKLPINWFFSWCKVM,[-102.97346],[1.22057]
HQPKNKLPINWFFSWCKVM,[-103.19902],[1.22052]
HQPKNNLPINWFFSWCKVM,[-104.40144],[1.22076]
HQPKNNLNINWFFSWCKVM,[-104.41099],[1.22053]
HQPKNNLNIEWFFSWCKVM,[-104.44105],[1.22092]
HQPKNNLNIEWFFSWCNVM,[-104.42079],[1.22089]
HQPKNNLNIEWFFSWCNFM,[-104.25264],[1.22065]
HQDKNNLNIEWFFSWCNFM,[-105.00875],[1.22064]
HQDKNNLNIEWFFSWCNFY,[-104.70615],[1.22056]
HQDKPNLNIEWFFSWCNFY,[-104.67256],[1.22067]
HQDKPNLNFEWFFSWCNFY,[-106.37388],[1.22084]
HRDKPNLNFEWFFSWCNFY,[-106.48862],[1.22083]
HRDKPNLNFEWFFTWCNFY,[-106.16651],[1.22078]
HRDNPNLNFEWFFTWCNFY,[-105.74642],[1.22069]
HRRNPNLNFEWFFTWCNFY,[-105.36061],[1.22035]
HRRNPNLNFAWFFTWCNFY,[-104.55035],[1.22048]
HRRNPNLNFAWFFVWCNFY,[-104.76389],[1.22083]
HRVNPNLNFAWFFVWCNFY,[-104.97921],[1.22079]
HRVNPNLNFSWFFVWCNFY,[-104.95849],[1.22088]
HRVNPNLNFSWFFQWCNFY,[-105.9112],[1.22038]
HRMNPNLNFSWFFQWCNFY,[-106.33339],[1.22055]
HRMNPNLNFSWFFQWCNLY,[-107.05956],[1.22092]
NRMNPNLNFSWFFQWCNLY,[-106.8518],[1.22085]
NRMNPNLNFSWFFQWINLY,[-106.74597],[1.22044]
NRMAPNLNFSWFFQWINLY,[-106.81183],[1.22054]
TRMAPNLNFSWFFQWINLY,[-107.10159],[1.22045]
TRMAPNLNFSWFFQWIALY,[-107.3572],[1.2195]
TRMAPPLNFSWFFQWIALY,[-106.97426],[1.21993]
TRLAPPLNFSWFFQWIALY,[-107.36583],[1.22]
TRLAPPLNFSWFFQWIGLY,[-107.9198],[1.22074]
TRLRPPLNFSWFFQWIGLY,[-108.58324],[1.22059]
PRLRPPLNFSWFFQWIGLY,[-108.3446],[1.22058]
CRLRPPLNFSWFFQWIGLY,[-108.15915],[1.22077]
CRLRPPLNFSWFFQLIGLY,[-108.32351],[1.2203]
CRLRPPLTFSWFFQLIGLY,[-108.15684],[1.22029]
RRLRPPLTFSWFFQLIGLY,[-108.59225],[1.2203]
RRIRPPLTFSWFFQLIGLY,[-108.66316],[1.2203]
RRIRPPLTFSWFFHLIGLY,[-109.17481],[1.22019]
RRIRPPLNFSWFFHLIGLY,[-109.39906],[1.22027]
RRIRPPLSFSWFFHLIGLY,[-109.48918],[1.2202]
RRMRPPLSFSWFFHLIGLY,[-109.5527],[1.21996]
QRMRPPLSFSWFFHLIGLY,[-109.7067],[1.21994]
QRMRPPLNFSWFFHLIGLY,[-109.7673],[1.22019]
QRMRPPLNFSWFFHLIKLY,[-109.84385],[1.22]
